set,heap,type
v2.11.1,3910928,before
v2.11.1,3593496,after
v2.11.1,4634184,before
v2.11.1,4222424,after
v2.11.1,5976632,before
v2.11.1,5544208,after
v2.11.1,9234704,before
v2.11.1,8363656,after
v2.11.1,10607784,before
v2.11.1,10020592,after
v2.11.1,10832912,before
v2.11.1,10832912,after
v2.11.1,10832912,before
v2.11.1,10832912,after
v2.11.1,10832912,before
v2.11.1,10832912,after
v2.11.1,12321648,before
v2.11.1,11306488,after
v2.11.1,15787936,before
v2.11.1,15787936,after
v2.11.1,22076368,before
v2.11.1,19050872,after
v2.11.1,23930472,before
v2.11.1,21823664,after
v2.11.1,24539480,before
v2.11.1,22814816,after
v2.11.1,25821880,before
v2.11.1,24406240,after
v2.11.1,31034344,before
v2.11.1,25251040,after
v2.11.1,34322832,before
v2.11.1,28048344,after
v2.11.1,28373776,before
v2.11.1,28373776,after
v2.11.1,28597744,before
v2.11.1,28597744,after
v2.11.1,28680904,before
v2.11.1,24345800,after
v2.11.1,34798848,before
v2.11.1,27862656,after
v2.11.1,37336336,before
v2.11.1,31442176,after
v2.11.1,41370744,before
v2.11.1,41370744,after
v2.11.1,3910928,before
v2.11.1,3593496,after
v2.11.1,4634184,before
v2.11.1,4222424,after
v2.11.1,5976752,before
v2.11.1,5544328,after
v2.11.1,9234536,before
v2.11.1,8363488,after
v2.11.1,10607464,before
v2.11.1,10020272,after
v2.11.1,10832280,before
v2.11.1,10832280,after
v2.11.1,10832280,before
v2.11.1,10832280,after
v2.11.1,10832280,before
v2.11.1,10832280,after
v2.11.1,12320664,before
v2.11.1,11305504,after
v2.11.1,15790256,before
v2.11.1,15790256,after
v2.11.1,22076360,before
v2.11.1,19050824,after
v2.11.1,23925304,before
v2.11.1,21711096,after
v2.11.1,24493432,before
v2.11.1,22793768,after
v2.11.1,25830416,before
v2.11.1,24414376,after
v2.11.1,31091704,before
v2.11.1,25307128,after
v2.11.1,34320696,before
v2.11.1,28045440,after
v2.11.1,28352088,before
v2.11.1,28352088,after
v2.11.1,28522064,before
v2.11.1,28522064,after
v2.11.1,28608072,before
v2.11.1,24306248,after
v2.11.1,34807120,before
v2.11.1,27873728,after
v2.11.1,37329168,before
v2.11.1,31442904,after
v2.11.1,41376512,before
v2.11.1,41376512,after
v2.11.1,3910928,before
v2.11.1,3593496,after
v2.11.1,4634184,before
v2.11.1,4222424,after
v2.11.1,5976752,before
v2.11.1,5544328,after
v2.11.1,9234560,before
v2.11.1,8363512,after
v2.11.1,10607640,before
v2.11.1,10020432,after
v2.11.1,10832888,before
v2.11.1,10832888,after
v2.11.1,10832888,before
v2.11.1,10832888,after
v2.11.1,10832888,before
v2.11.1,10832888,after
v2.11.1,12321256,before
v2.11.1,11306096,after
v2.11.1,15788248,before
v2.11.1,15788248,after
v2.11.1,22076296,before
v2.11.1,19050984,after
v2.11.1,23923600,before
v2.11.1,21816576,after
v2.11.1,24699168,before
v2.11.1,22918240,after
v2.11.1,25422800,before
v2.11.1,23858664,after
v2.11.1,31060352,before
v2.11.1,25582016,after
v2.11.1,33417904,before
v2.11.1,27493232,after
v2.11.1,29423496,before
v2.11.1,29423496,after
v2.11.1,29506656,before
v2.11.1,29506656,after
v2.11.1,29591776,before
v2.11.1,24557952,after
v2.11.1,34475016,before
v2.11.1,27629304,after
v2.11.1,46538688,before
v2.11.1,33828912,after
v2.11.1,34644672,before
v2.11.1,34644672,after
v2.11.1,3910928,before
v2.11.1,3593496,after
v2.11.1,4634184,before
v2.11.1,4222424,after
v2.11.1,5976632,before
v2.11.1,5544208,after
v2.11.1,9234496,before
v2.11.1,8363456,after
v2.11.1,10607560,before
v2.11.1,10020368,after
v2.11.1,10832504,before
v2.11.1,10832504,after
v2.11.1,10832504,before
v2.11.1,10832504,after
v2.11.1,10832504,before
v2.11.1,10832504,after
v2.11.1,12321016,before
v2.11.1,11305856,after
v2.11.1,15786720,before
v2.11.1,15786720,after
v2.11.1,22075424,before
v2.11.1,19049952,after
v2.11.1,23922560,before
v2.11.1,21815688,after
v2.11.1,24528304,before
v2.11.1,22789088,after
v2.11.1,25842360,before
v2.11.1,24426600,after
v2.11.1,31098464,before
v2.11.1,25310088,after
v2.11.1,34342432,before
v2.11.1,28060296,after
v2.11.1,28417448,before
v2.11.1,28417448,after
v2.11.1,28587424,before
v2.11.1,28587424,after
v2.11.1,28671528,before
v2.11.1,24344128,after
v2.11.1,34792568,before
v2.11.1,27854560,after
v2.11.1,37370504,before
v2.11.1,31470440,after
v2.11.1,41399248,before
v2.11.1,41399248,after
v2.11.1,3910928,before
v2.11.1,3593496,after
v2.11.1,4634184,before
v2.11.1,4222424,after
v2.11.1,5976752,before
v2.11.1,5544328,after
v2.11.1,9234464,before
v2.11.1,8363424,after
v2.11.1,10607608,before
v2.11.1,10020400,after
v2.11.1,10832632,before
v2.11.1,10832632,after
v2.11.1,10832632,before
v2.11.1,10832632,after
v2.11.1,10832632,before
v2.11.1,10832632,after
v2.11.1,12321256,before
v2.11.1,11306096,after
v2.11.1,15802616,before
v2.11.1,15802616,after
v2.11.1,22086600,before
v2.11.1,19061392,after
v2.11.1,23924128,before
v2.11.1,21752464,after
v2.11.1,24733560,before
v2.11.1,23066920,after
v2.11.1,25850960,before
v2.11.1,24199680,after
v2.11.1,31140920,before
v2.11.1,25390936,after
v2.11.1,34364416,before
v2.11.1,28096160,after
v2.11.1,28515024,before
v2.11.1,28515024,after
v2.11.1,28601032,before
v2.11.1,28601032,after
v2.11.1,28684192,before
v2.11.1,24357792,after
v2.11.1,34849080,before
v2.11.1,27915752,after
v2.11.1,37368768,before
v2.11.1,31502856,after
v2.11.1,41229136,before
v2.11.1,41229136,after
v2.11.1,3910928,before
v2.11.1,3593496,after
v2.11.1,4634184,before
v2.11.1,4222424,after
v2.11.1,5976632,before
v2.11.1,5544208,after
v2.11.1,9234728,before
v2.11.1,8363688,after
v2.11.1,10607888,before
v2.11.1,10020696,after
v2.11.1,10833016,before
v2.11.1,10833016,after
v2.11.1,10833016,before
v2.11.1,10833016,after
v2.11.1,10833016,before
v2.11.1,10833016,after
v2.11.1,12321376,before
v2.11.1,11306240,after
v2.11.1,15787696,before
v2.11.1,15787696,after
v2.11.1,22076400,before
v2.11.1,19050760,after
v2.11.1,23927408,before
v2.11.1,21820624,after
v2.11.1,24700192,before
v2.11.1,22915880,after
v2.11.1,25571392,before
v2.11.1,23869784,after
v2.11.1,31056704,before
v2.11.1,25622632,after
v2.11.1,33474896,before
v2.11.1,27550176,after
v2.11.1,29057792,before
v2.11.1,29057792,after
v2.11.1,29140440,before
v2.11.1,29140440,after
v2.11.1,29225416,before
v2.11.1,24459704,after
v2.11.1,34587912,before
v2.11.1,27719680,after
v2.11.1,46656672,before
v2.11.1,33953464,after
v2.11.1,35038440,before
v2.11.1,35038440,after
v2.11.1,3910928,before
v2.11.1,3593496,after
v2.11.1,4634184,before
v2.11.1,4222424,after
v2.11.1,5976752,before
v2.11.1,5544328,after
v2.11.1,9234592,before
v2.11.1,8363544,after
v2.11.1,10607552,before
v2.11.1,10020360,after
v2.11.1,10832832,before
v2.11.1,10832832,after
v2.11.1,10832832,before
v2.11.1,10832832,after
v2.11.1,10832832,before
v2.11.1,10832832,after
v2.11.1,12321168,before
v2.11.1,11306032,after
v2.11.1,15788224,before
v2.11.1,15788224,after
v2.11.1,22076656,before
v2.11.1,19051152,after
v2.11.1,23924160,before
v2.11.1,21817528,after
v2.11.1,24547480,before
v2.11.1,22808400,after
v2.11.1,25813344,before
v2.11.1,24397632,after
v2.11.1,31081416,before
v2.11.1,25298912,after
v2.11.1,34331440,before
v2.11.1,34331440,after
v2.11.1,34344608,before
v2.11.1,28071008,after
v2.11.1,28190160,before
v2.11.1,28190160,after
v2.11.1,28272808,before
v2.11.1,24195344,after
v2.11.1,34824256,before
v2.11.1,27851128,after
v2.11.1,37315528,before
v2.11.1,31414816,after
v2.11.1,41753528,before
v2.11.1,41753528,after
v2.11.1,3910928,before
v2.11.1,3593496,after
v2.11.1,4634184,before
v2.11.1,4222424,after
v2.11.1,5976632,before
v2.11.1,5544208,after
v2.11.1,9234624,before
v2.11.1,8363592,after
v2.11.1,10607664,before
v2.11.1,10020440,after
v2.11.1,10832912,before
v2.11.1,10832912,after
v2.11.1,10832912,before
v2.11.1,10832912,after
v2.11.1,10832912,before
v2.11.1,10832912,after
v2.11.1,12321576,before
v2.11.1,11306440,after
v2.11.1,15794080,before
v2.11.1,15794080,after
v2.11.1,22078296,before
v2.11.1,19052952,after
v2.11.1,23933016,before
v2.11.1,21826584,after
v2.11.1,24727616,before
v2.11.1,22944288,after
v2.11.1,25576808,before
v2.11.1,23894832,after
v2.11.1,31050912,before
v2.11.1,25596928,after
v2.11.1,33422280,before
v2.11.1,27497800,after
v2.11.1,29084864,before
v2.11.1,29084864,after
v2.11.1,29316152,before
v2.11.1,29316152,after
v2.11.1,29339768,before
v2.11.1,24467320,after
v2.11.1,34585624,before
v2.11.1,27734192,after
v2.11.1,46590576,before
v2.11.1,33911344,after
v2.11.1,34706616,before
v2.11.1,34706616,after
v2.11.1,3910928,before
v2.11.1,3593496,after
v2.11.1,4634184,before
v2.11.1,4222424,after
v2.11.1,5976752,before
v2.11.1,5544328,after
v2.11.1,9234456,before
v2.11.1,8363400,after
v2.11.1,10607608,before
v2.11.1,10020400,after
v2.11.1,10832688,before
v2.11.1,10832688,after
v2.11.1,10832688,before
v2.11.1,10832688,after
v2.11.1,10832688,before
v2.11.1,10832688,after
v2.11.1,12321560,before
v2.11.1,11306360,after
v2.11.1,15801032,before
v2.11.1,15801032,after
v2.11.1,22093000,before
v2.11.1,19067872,after
v2.11.1,23937744,before
v2.11.1,21831040,after
v2.11.1,24694688,before
v2.11.1,22913432,after
v2.11.1,25432600,before
v2.11.1,23871472,after
v2.11.1,31111304,before
v2.11.1,25635032,after
v2.11.1,33438928,before
v2.11.1,27514848,after
v2.11.1,29531768,before
v2.11.1,29531768,after
v2.11.1,29616080,before
v2.11.1,29616080,after
v2.11.1,29656752,before
v2.11.1,24590328,after
v2.11.1,34490048,before
v2.11.1,27643584,after
v2.11.1,46586696,before
v2.11.1,33867152,after
v2.11.1,34710088,before
v2.11.1,34710088,after
v2.11.1,3910928,before
v2.11.1,3593496,after
v2.11.1,4634184,before
v2.11.1,4222424,after
v2.11.1,5976752,before
v2.11.1,5544328,after
v2.11.1,9234536,before
v2.11.1,8363480,after
v2.11.1,10607584,before
v2.11.1,10020392,after
v2.11.1,10832584,before
v2.11.1,10832584,after
v2.11.1,10832584,before
v2.11.1,10832584,after
v2.11.1,10832584,before
v2.11.1,10832584,after
v2.11.1,12321456,before
v2.11.1,11306256,after
v2.11.1,15795288,before
v2.11.1,15795288,after
v2.11.1,22079520,before
v2.11.1,19054016,after
v2.11.1,23930120,before
v2.11.1,21823168,after
v2.11.1,24547824,before
v2.11.1,22812824,after
v2.11.1,25799400,before
v2.11.1,24384984,after
v2.11.1,31103392,before
v2.11.1,25319256,after
v2.11.1,34195104,before
v2.11.1,34195104,after
v2.11.1,34314632,before
v2.11.1,28039136,after
v2.11.1,28042392,before
v2.11.1,28042392,after
v2.11.1,28088760,before
v2.11.1,24099344,after
v2.11.1,34756048,before
v2.11.1,27783216,after
v2.11.1,37351496,before
v2.11.1,31488584,after
v2.11.1,41506376,before
v2.11.1,41506376,after
v2.11.1,3910928,before
v2.11.1,3593496,after
v2.11.1,4634184,before
v2.11.1,4222424,after
v2.11.1,5976752,before
v2.11.1,5544328,after
v2.11.1,9234456,before
v2.11.1,8363416,after
v2.11.1,10607264,before
v2.11.1,10020072,after
v2.11.1,10832232,before
v2.11.1,10832232,after
v2.11.1,10832232,before
v2.11.1,10832232,after
v2.11.1,10832232,before
v2.11.1,10832232,after
v2.11.1,12320960,before
v2.11.1,11305824,after
v2.11.1,15786312,before
v2.11.1,15786312,after
v2.11.1,22075016,before
v2.11.1,19049536,after
v2.11.1,23905408,before
v2.11.1,21737088,after
v2.11.1,24708240,before
v2.11.1,23042304,after
v2.11.1,25806112,before
v2.11.1,24157232,after
v2.11.1,31093936,before
v2.11.1,25331680,after
v2.11.1,34327360,before
v2.11.1,28058624,after
v2.11.1,28561696,before
v2.11.1,28561696,after
v2.11.1,28729976,before
v2.11.1,28729976,after
v2.11.1,28814800,before
v2.11.1,24397328,after
v2.11.1,34802624,before
v2.11.1,27874712,after
v2.11.1,37335280,before
v2.11.1,31448120,after
v2.11.1,41177840,before
v2.11.1,41177840,after
v2.11.1,3910928,before
v2.11.1,3593496,after
v2.11.1,4634184,before
v2.11.1,4222424,after
v2.11.1,5976608,before
v2.11.1,5544184,after
v2.11.1,9234456,before
v2.11.1,8363400,after
v2.11.1,10607432,before
v2.11.1,10020240,after
v2.11.1,10832560,before
v2.11.1,10832560,after
v2.11.1,10832560,before
v2.11.1,10832560,after
v2.11.1,10832560,before
v2.11.1,10832560,after
v2.11.1,12320520,before
v2.11.1,11305384,after
v2.11.1,15809488,before
v2.11.1,15809488,after
v2.11.1,22091168,before
v2.11.1,19065688,after
v2.11.1,23945800,before
v2.11.1,21731784,after
v2.11.1,24411592,before
v2.11.1,22821624,after
v2.11.1,25831344,before
v2.11.1,24416088,after
v2.11.1,31110464,before
v2.11.1,25324336,after
v2.11.1,34403656,before
v2.11.1,28127344,after
v2.11.1,28580688,before
v2.11.1,28580688,after
v2.11.1,28607152,before
v2.11.1,28607152,after
v2.11.1,28691256,before
v2.11.1,24365760,after
v2.11.1,34863352,before
v2.11.1,27931424,after
v2.11.1,37413856,before
v2.11.1,31537656,after
v2.11.1,41456064,before
v2.11.1,41456064,after
v2.11.1,3910928,before
v2.11.1,3593496,after
v2.11.1,4634184,before
v2.11.1,4222424,after
v2.11.1,5976752,before
v2.11.1,5544328,after
v2.11.1,9234840,before
v2.11.1,8363784,after
v2.11.1,10607816,before
v2.11.1,10020624,after
v2.11.1,10832760,before
v2.11.1,10832760,after
v2.11.1,10832760,before
v2.11.1,10832760,after
v2.11.1,10832760,before
v2.11.1,10832760,after
v2.11.1,12321888,before
v2.11.1,11306872,after
v2.11.1,15787440,before
v2.11.1,15787440,after
v2.11.1,22074352,before
v2.11.1,19048960,after
v2.11.1,23923152,before
v2.11.1,21816288,after
v2.11.1,24709640,before
v2.11.1,22928272,after
v2.11.1,25562472,before
v2.11.1,23878792,after
v2.11.1,31065528,before
v2.11.1,25592952,after
v2.11.1,33441168,before
v2.11.1,27516560,after
v2.11.1,29106784,before
v2.11.1,29106784,after
v2.11.1,29191760,before
v2.11.1,29191760,after
v2.11.1,29275952,before
v2.11.1,24443192,after
v2.11.1,34517048,before
v2.11.1,27649632,after
v2.11.1,46588960,before
v2.11.1,33927048,after
v2.11.1,34677048,before
v2.11.1,34677048,after
v2.11.1,3910928,before
v2.11.1,3593496,after
v2.11.1,4634184,before
v2.11.1,4222424,after
v2.11.1,5976752,before
v2.11.1,5544328,after
v2.11.1,9234560,before
v2.11.1,8363512,after
v2.11.1,10607488,before
v2.11.1,10020296,after
v2.11.1,10832488,before
v2.11.1,10832488,after
v2.11.1,10832488,before
v2.11.1,10832488,after
v2.11.1,10832488,before
v2.11.1,10832488,after
v2.11.1,12321328,before
v2.11.1,11306128,after
v2.11.1,15787296,before
v2.11.1,15787296,after
v2.11.1,22076032,before
v2.11.1,19050552,after
v2.11.1,23922912,before
v2.11.1,21816256,after
v2.11.1,24719600,before
v2.11.1,22937248,after
v2.11.1,25577816,before
v2.11.1,23887424,after
v2.11.1,31055224,before
v2.11.1,25593544,after
v2.11.1,33422872,before
v2.11.1,27498040,after
v2.11.1,29317352,before
v2.11.1,29317352,after
v2.11.1,29512984,before
v2.11.1,29512984,after
v2.11.1,29598104,before
v2.11.1,24577120,after
v2.11.1,34517128,before
v2.11.1,27672464,after
v2.11.1,46671624,before
v2.11.1,33989384,after
v2.11.1,34618712,before
v2.11.1,34618712,after
v2.11.1,3910928,before
v2.11.1,3593496,after
v2.11.1,4634184,before
v2.11.1,4222424,after
v2.11.1,5976608,before
v2.11.1,5544184,after
v2.11.1,9234232,before
v2.11.1,8363192,after
v2.11.1,10607432,before
v2.11.1,10020224,after
v2.11.1,10832288,before
v2.11.1,10832288,after
v2.11.1,10832288,before
v2.11.1,10832288,after
v2.11.1,10832288,before
v2.11.1,10832288,after
v2.11.1,12320664,before
v2.11.1,11305528,after
v2.11.1,15791064,before
v2.11.1,15791064,after
v2.11.1,22079112,before
v2.11.1,19053480,after
v2.11.1,23930728,before
v2.11.1,21823928,after
v2.11.1,24436648,before
v2.11.1,22798840,after
v2.11.1,25823352,before
v2.11.1,24407576,after
v2.11.1,31091448,before
v2.11.1,25316816,after
v2.11.1,34391288,before
v2.11.1,28122872,after
v2.11.1,28624440,before
v2.11.1,28624440,after
v2.11.1,28709264,before
v2.11.1,28709264,after
v2.11.1,28793576,before
v2.11.1,24405728,after
v2.11.1,34855248,before
v2.11.1,27930808,after
v2.11.1,37361712,before
v2.11.1,31544464,after
v2.11.1,41200984,before
v2.11.1,41200984,after
v2.12.0-beta3,3910888,before
v2.12.0-beta3,3593456,after
v2.12.0-beta3,4634176,before
v2.12.0-beta3,4222416,after
v2.12.0-beta3,5976616,before
v2.12.0-beta3,5544184,after
v2.12.0-beta3,9234288,before
v2.12.0-beta3,8363240,after
v2.12.0-beta3,10606936,before
v2.12.0-beta3,10019760,after
v2.12.0-beta3,10831800,before
v2.12.0-beta3,10831800,after
v2.12.0-beta3,10831800,before
v2.12.0-beta3,10831800,after
v2.12.0-beta3,10831800,before
v2.12.0-beta3,10831800,after
v2.12.0-beta3,12320632,before
v2.12.0-beta3,11305376,after
v2.12.0-beta3,15784600,before
v2.12.0-beta3,15784600,after
v2.12.0-beta3,22078472,before
v2.12.0-beta3,19052288,after
v2.12.0-beta3,23920944,before
v2.12.0-beta3,21813376,after
v2.12.0-beta3,24451048,before
v2.12.0-beta3,22786096,after
v2.12.0-beta3,25847688,before
v2.12.0-beta3,24431832,after
v2.12.0-beta3,31099512,before
v2.12.0-beta3,25318448,after
v2.12.0-beta3,34390088,before
v2.12.0-beta3,28120088,after
v2.12.0-beta3,28380424,before
v2.12.0-beta3,28380424,after
v2.12.0-beta3,28464584,before
v2.12.0-beta3,28464584,after
v2.12.0-beta3,28505128,before
v2.12.0-beta3,24277824,after
v2.12.0-beta3,34818680,before
v2.12.0-beta3,27863584,after
v2.12.0-beta3,37372784,before
v2.12.0-beta3,31487616,after
v2.12.0-beta3,41515512,before
v2.12.0-beta3,41515512,after
v2.12.0-beta3,3910888,before
v2.12.0-beta3,3593456,after
v2.12.0-beta3,4634176,before
v2.12.0-beta3,4222416,after
v2.12.0-beta3,5976592,before
v2.12.0-beta3,5544160,after
v2.12.0-beta3,9234128,before
v2.12.0-beta3,8363096,after
v2.12.0-beta3,10606872,before
v2.12.0-beta3,10019696,after
v2.12.0-beta3,10831936,before
v2.12.0-beta3,10831936,after
v2.12.0-beta3,10831936,before
v2.12.0-beta3,10831936,after
v2.12.0-beta3,10831936,before
v2.12.0-beta3,10831936,after
v2.12.0-beta3,12320600,before
v2.12.0-beta3,11305296,after
v2.12.0-beta3,15783992,before
v2.12.0-beta3,15783992,after
v2.12.0-beta3,22078976,before
v2.12.0-beta3,19052760,after
v2.12.0-beta3,23920464,before
v2.12.0-beta3,21813296,after
v2.12.0-beta3,24704816,before
v2.12.0-beta3,22921168,after
v2.12.0-beta3,25557888,before
v2.12.0-beta3,23874248,after
v2.12.0-beta3,31040936,before
v2.12.0-beta3,25589600,after
v2.12.0-beta3,33429904,before
v2.12.0-beta3,27505776,after
v2.12.0-beta3,29271104,before
v2.12.0-beta3,29271104,after
v2.12.0-beta3,29454056,before
v2.12.0-beta3,29454056,after
v2.12.0-beta3,29537232,before
v2.12.0-beta3,24573088,after
v2.12.0-beta3,34540768,before
v2.12.0-beta3,27697064,after
v2.12.0-beta3,46611640,before
v2.12.0-beta3,33922920,after
v2.12.0-beta3,34607912,before
v2.12.0-beta3,34607912,after
v2.12.0-beta3,3910888,before
v2.12.0-beta3,3593456,after
v2.12.0-beta3,4634176,before
v2.12.0-beta3,4222416,after
v2.12.0-beta3,5976528,before
v2.12.0-beta3,5544112,after
v2.12.0-beta3,9233976,before
v2.12.0-beta3,8362936,after
v2.12.0-beta3,10606992,before
v2.12.0-beta3,10019816,after
v2.12.0-beta3,10831896,before
v2.12.0-beta3,10831896,after
v2.12.0-beta3,10831896,before
v2.12.0-beta3,10831896,after
v2.12.0-beta3,10831896,before
v2.12.0-beta3,10831896,after
v2.12.0-beta3,12320736,before
v2.12.0-beta3,11305616,after
v2.12.0-beta3,15785488,before
v2.12.0-beta3,15785488,after
v2.12.0-beta3,22078840,before
v2.12.0-beta3,19052608,after
v2.12.0-beta3,23921680,before
v2.12.0-beta3,21814456,after
v2.12.0-beta3,24705976,before
v2.12.0-beta3,22922368,after
v2.12.0-beta3,25557888,before
v2.12.0-beta3,23873984,after
v2.12.0-beta3,31027216,before
v2.12.0-beta3,25583936,after
v2.12.0-beta3,33405136,before
v2.12.0-beta3,27480880,after
v2.12.0-beta3,29578984,before
v2.12.0-beta3,29578984,after
v2.12.0-beta3,29748120,before
v2.12.0-beta3,29748120,after
v2.12.0-beta3,29834128,before
v2.12.0-beta3,24662856,after
v2.12.0-beta3,34551848,before
v2.12.0-beta3,27732464,after
v2.12.0-beta3,46864488,before
v2.12.0-beta3,34238912,after
v2.12.0-beta3,34405680,before
v2.12.0-beta3,34405680,after
v2.12.0-beta3,3910888,before
v2.12.0-beta3,3593456,after
v2.12.0-beta3,4634176,before
v2.12.0-beta3,4222416,after
v2.12.0-beta3,5976560,before
v2.12.0-beta3,5544128,after
v2.12.0-beta3,9233984,before
v2.12.0-beta3,8362944,after
v2.12.0-beta3,10606728,before
v2.12.0-beta3,10019568,after
v2.12.0-beta3,10831592,before
v2.12.0-beta3,10831592,after
v2.12.0-beta3,10831592,before
v2.12.0-beta3,10831592,after
v2.12.0-beta3,10831592,before
v2.12.0-beta3,10831592,after
v2.12.0-beta3,12320448,before
v2.12.0-beta3,11305144,after
v2.12.0-beta3,15789240,before
v2.12.0-beta3,15789240,after
v2.12.0-beta3,22081840,before
v2.12.0-beta3,19055512,after
v2.12.0-beta3,23925208,before
v2.12.0-beta3,21817912,after
v2.12.0-beta3,24682368,before
v2.12.0-beta3,22901632,after
v2.12.0-beta3,25510816,before
v2.12.0-beta3,23916800,after
v2.12.0-beta3,31103920,before
v2.12.0-beta3,25620088,after
v2.12.0-beta3,33552648,before
v2.12.0-beta3,27628056,after
v2.12.0-beta3,29134168,before
v2.12.0-beta3,29134168,after
v2.12.0-beta3,29216848,before
v2.12.0-beta3,29216848,after
v2.12.0-beta3,29302448,before
v2.12.0-beta3,24504152,after
v2.12.0-beta3,34624304,before
v2.12.0-beta3,27759080,after
v2.12.0-beta3,46674032,before
v2.12.0-beta3,33998832,after
v2.12.0-beta3,34868352,before
v2.12.0-beta3,34868352,after
v2.12.0-beta3,3910888,before
v2.12.0-beta3,3593456,after
v2.12.0-beta3,4634176,before
v2.12.0-beta3,4222416,after
v2.12.0-beta3,5976560,before
v2.12.0-beta3,5544128,after
v2.12.0-beta3,9233968,before
v2.12.0-beta3,8362928,after
v2.12.0-beta3,10606808,before
v2.12.0-beta3,10019632,after
v2.12.0-beta3,10831712,before
v2.12.0-beta3,10831712,after
v2.12.0-beta3,10831712,before
v2.12.0-beta3,10831712,after
v2.12.0-beta3,10831712,before
v2.12.0-beta3,10831712,after
v2.12.0-beta3,12320520,before
v2.12.0-beta3,11305216,after
v2.12.0-beta3,15784200,before
v2.12.0-beta3,15784200,after
v2.12.0-beta3,22079216,before
v2.12.0-beta3,19053000,after
v2.12.0-beta3,23924984,before
v2.12.0-beta3,21817784,after
v2.12.0-beta3,24681520,before
v2.12.0-beta3,22900424,after
v2.12.0-beta3,25413000,before
v2.12.0-beta3,23857256,after
v2.12.0-beta3,31077808,before
v2.12.0-beta3,25590960,after
v2.12.0-beta3,33461240,before
v2.12.0-beta3,27536520,after
v2.12.0-beta3,29381808,before
v2.12.0-beta3,29381808,after
v2.12.0-beta3,29636096,before
v2.12.0-beta3,29636096,after
v2.12.0-beta3,29680504,before
v2.12.0-beta3,24638480,after
v2.12.0-beta3,34530960,before
v2.12.0-beta3,27687400,after
v2.12.0-beta3,46642912,before
v2.12.0-beta3,33924944,after
v2.12.0-beta3,34763736,before
v2.12.0-beta3,34763736,after
v2.12.0-beta3,3910888,before
v2.12.0-beta3,3593456,after
v2.12.0-beta3,4634176,before
v2.12.0-beta3,4222416,after
v2.12.0-beta3,5976560,before
v2.12.0-beta3,5544128,after
v2.12.0-beta3,9234072,before
v2.12.0-beta3,8363032,after
v2.12.0-beta3,10606752,before
v2.12.0-beta3,10019592,after
v2.12.0-beta3,10831440,before
v2.12.0-beta3,10831440,after
v2.12.0-beta3,10831440,before
v2.12.0-beta3,10831440,after
v2.12.0-beta3,10831440,before
v2.12.0-beta3,10831440,after
v2.12.0-beta3,12320120,before
v2.12.0-beta3,11304888,after
v2.12.0-beta3,15786944,before
v2.12.0-beta3,15786944,after
v2.12.0-beta3,22080752,before
v2.12.0-beta3,19054520,after
v2.12.0-beta3,23916696,before
v2.12.0-beta3,21738120,after
v2.12.0-beta3,24358336,before
v2.12.0-beta3,22787800,after
v2.12.0-beta3,25862464,before
v2.12.0-beta3,24445632,after
v2.12.0-beta3,31123384,before
v2.12.0-beta3,25341728,after
v2.12.0-beta3,34122560,before
v2.12.0-beta3,34122560,after
v2.12.0-beta3,34330352,before
v2.12.0-beta3,34330352,after
v2.12.0-beta3,34348424,before
v2.12.0-beta3,28075448,after
v2.12.0-beta3,28103744,before
v2.12.0-beta3,24133152,after
v2.12.0-beta3,34842648,before
v2.12.0-beta3,27859896,after
v2.12.0-beta3,37329280,before
v2.12.0-beta3,31450752,after
v2.12.0-beta3,41722072,before
v2.12.0-beta3,41722072,after
v2.12.0-beta3,3910888,before
v2.12.0-beta3,3593456,after
v2.12.0-beta3,4634176,before
v2.12.0-beta3,4222416,after
v2.12.0-beta3,5976616,before
v2.12.0-beta3,5544184,after
v2.12.0-beta3,9234240,before
v2.12.0-beta3,8363208,after
v2.12.0-beta3,10607048,before
v2.12.0-beta3,10019872,after
v2.12.0-beta3,10831768,before
v2.12.0-beta3,10831768,after
v2.12.0-beta3,10831768,before
v2.12.0-beta3,10831768,after
v2.12.0-beta3,10831768,before
v2.12.0-beta3,10831768,after
v2.12.0-beta3,12320608,before
v2.12.0-beta3,11305320,after
v2.12.0-beta3,15809808,before
v2.12.0-beta3,15809808,after
v2.12.0-beta3,22098136,before
v2.12.0-beta3,19072032,after
v2.12.0-beta3,23933664,before
v2.12.0-beta3,21762624,after
v2.12.0-beta3,24404448,before
v2.12.0-beta3,22842920,after
v2.12.0-beta3,25839536,before
v2.12.0-beta3,24423472,after
v2.12.0-beta3,31109952,before
v2.12.0-beta3,25328960,after
v2.12.0-beta3,34434160,before
v2.12.0-beta3,28162472,after
v2.12.0-beta3,28439224,before
v2.12.0-beta3,28439224,after
v2.12.0-beta3,28695208,before
v2.12.0-beta3,28695208,after
v2.12.0-beta3,28735880,before
v2.12.0-beta3,24407208,after
v2.12.0-beta3,34867248,before
v2.12.0-beta3,27932928,after
v2.12.0-beta3,37390168,before
v2.12.0-beta3,31510016,after
v2.12.0-beta3,41425808,before
v2.12.0-beta3,41425808,after
v2.12.0-beta3,3910888,before
v2.12.0-beta3,3593456,after
v2.12.0-beta3,4634176,before
v2.12.0-beta3,4222416,after
v2.12.0-beta3,5976560,before
v2.12.0-beta3,5544128,after
v2.12.0-beta3,9234048,before
v2.12.0-beta3,8363016,after
v2.12.0-beta3,10606984,before
v2.12.0-beta3,10019808,after
v2.12.0-beta3,10831600,before
v2.12.0-beta3,10831600,after
v2.12.0-beta3,10831600,before
v2.12.0-beta3,10831600,after
v2.12.0-beta3,10831600,before
v2.12.0-beta3,10831600,after
v2.12.0-beta3,12320424,before
v2.12.0-beta3,11305120,after
v2.12.0-beta3,15789288,before
v2.12.0-beta3,15789288,after
v2.12.0-beta3,22083872,before
v2.12.0-beta3,19057848,after
v2.12.0-beta3,23925792,before
v2.12.0-beta3,21818456,after
v2.12.0-beta3,24449656,before
v2.12.0-beta3,22799000,after
v2.12.0-beta3,25807136,before
v2.12.0-beta3,24391864,after
v2.12.0-beta3,31077200,before
v2.12.0-beta3,25295848,after
v2.12.0-beta3,34325616,before
v2.12.0-beta3,28054544,after
v2.12.0-beta3,28572992,before
v2.12.0-beta3,28572992,after
v2.12.0-beta3,28656152,before
v2.12.0-beta3,28656152,after
v2.12.0-beta3,28679824,before
v2.12.0-beta3,24335864,after
v2.12.0-beta3,34788184,before
v2.12.0-beta3,27849304,after
v2.12.0-beta3,37354024,before
v2.12.0-beta3,31527960,after
v2.12.0-beta3,41244944,before
v2.12.0-beta3,41244944,after
v2.12.0-beta3,3910888,before
v2.12.0-beta3,3593456,after
v2.12.0-beta3,4634176,before
v2.12.0-beta3,4222416,after
v2.12.0-beta3,5976560,before
v2.12.0-beta3,5544128,after
v2.12.0-beta3,9233976,before
v2.12.0-beta3,8362936,after
v2.12.0-beta3,10606744,before
v2.12.0-beta3,10019552,after
v2.12.0-beta3,10831608,before
v2.12.0-beta3,10831608,after
v2.12.0-beta3,10831608,before
v2.12.0-beta3,10831608,after
v2.12.0-beta3,10831608,before
v2.12.0-beta3,10831608,after
v2.12.0-beta3,12320272,before
v2.12.0-beta3,11304968,after
v2.12.0-beta3,15783352,before
v2.12.0-beta3,15783352,after
v2.12.0-beta3,22078336,before
v2.12.0-beta3,19052120,after
v2.12.0-beta3,23919936,before
v2.12.0-beta3,21812536,after
v2.12.0-beta3,24705808,before
v2.12.0-beta3,22924168,after
v2.12.0-beta3,25570080,before
v2.12.0-beta3,23880032,after
v2.12.0-beta3,31051216,before
v2.12.0-beta3,25586952,after
v2.12.0-beta3,33420304,before
v2.12.0-beta3,27495960,after
v2.12.0-beta3,29338832,before
v2.12.0-beta3,29338832,after
v2.12.0-beta3,29593120,before
v2.12.0-beta3,29593120,after
v2.12.0-beta3,29637528,before
v2.12.0-beta3,24595720,after
v2.12.0-beta3,34497912,before
v2.12.0-beta3,27655752,after
v2.12.0-beta3,46626544,before
v2.12.0-beta3,33934160,after
v2.12.0-beta3,34584896,before
v2.12.0-beta3,34584896,after
v2.12.0-beta3,3910888,before
v2.12.0-beta3,3593456,after
v2.12.0-beta3,4634176,before
v2.12.0-beta3,4222416,after
v2.12.0-beta3,5976560,before
v2.12.0-beta3,5544128,after
v2.12.0-beta3,9233984,before
v2.12.0-beta3,8362944,after
v2.12.0-beta3,10606816,before
v2.12.0-beta3,10019640,after
v2.12.0-beta3,10831848,before
v2.12.0-beta3,10831848,after
v2.12.0-beta3,10831848,before
v2.12.0-beta3,10831848,after
v2.12.0-beta3,10831848,before
v2.12.0-beta3,10831848,after
v2.12.0-beta3,12320480,before
v2.12.0-beta3,11305248,after
v2.12.0-beta3,15784368,before
v2.12.0-beta3,15784368,after
v2.12.0-beta3,22078864,before
v2.12.0-beta3,19052656,after
v2.12.0-beta3,23925056,before
v2.12.0-beta3,21817864,after
v2.12.0-beta3,24712288,before
v2.12.0-beta3,22930704,after
v2.12.0-beta3,25572624,before
v2.12.0-beta3,23883064,after
v2.12.0-beta3,31083848,before
v2.12.0-beta3,25603256,after
v2.12.0-beta3,33427016,before
v2.12.0-beta3,27502800,after
v2.12.0-beta3,29176216,before
v2.12.0-beta3,29176216,after
v2.12.0-beta3,29346544,before
v2.12.0-beta3,29346544,after
v2.12.0-beta3,29432552,before
v2.12.0-beta3,24511400,after
v2.12.0-beta3,34556512,before
v2.12.0-beta3,27710168,after
v2.12.0-beta3,46627768,before
v2.12.0-beta3,33964832,after
v2.12.0-beta3,34593296,before
v2.12.0-beta3,34593296,after
v2.12.0-beta3,3910888,before
v2.12.0-beta3,3593456,after
v2.12.0-beta3,4634176,before
v2.12.0-beta3,4222416,after
v2.12.0-beta3,5976592,before
v2.12.0-beta3,5544160,after
v2.12.0-beta3,9234168,before
v2.12.0-beta3,8363128,after
v2.12.0-beta3,10606936,before
v2.12.0-beta3,10019776,after
v2.12.0-beta3,10831984,before
v2.12.0-beta3,10831984,after
v2.12.0-beta3,10831984,before
v2.12.0-beta3,10831984,after
v2.12.0-beta3,10831984,before
v2.12.0-beta3,10831984,after
v2.12.0-beta3,12320648,before
v2.12.0-beta3,11305344,after
v2.12.0-beta3,15784328,before
v2.12.0-beta3,15784328,after
v2.12.0-beta3,22079312,before
v2.12.0-beta3,19053288,after
v2.12.0-beta3,23923248,before
v2.12.0-beta3,21815896,after
v2.12.0-beta3,24680912,before
v2.12.0-beta3,22899520,after
v2.12.0-beta3,25446064,before
v2.12.0-beta3,23876288,after
v2.12.0-beta3,31111200,before
v2.12.0-beta3,25636032,after
v2.12.0-beta3,33442536,before
v2.12.0-beta3,27518000,after
v2.12.0-beta3,29361312,before
v2.12.0-beta3,29361312,after
v2.12.0-beta3,29447320,before
v2.12.0-beta3,29447320,after
v2.12.0-beta3,29530744,before
v2.12.0-beta3,24550560,after
v2.12.0-beta3,34532672,before
v2.12.0-beta3,27689224,after
v2.12.0-beta3,46567688,before
v2.12.0-beta3,33864416,after
v2.12.0-beta3,34704368,before
v2.12.0-beta3,34704368,after
v2.12.0-beta3,3910888,before
v2.12.0-beta3,3593456,after
v2.12.0-beta3,4634176,before
v2.12.0-beta3,4222416,after
v2.12.0-beta3,5976616,before
v2.12.0-beta3,5544184,after
v2.12.0-beta3,9234208,before
v2.12.0-beta3,8363168,after
v2.12.0-beta3,10606888,before
v2.12.0-beta3,10019728,after
v2.12.0-beta3,10831872,before
v2.12.0-beta3,10831872,after
v2.12.0-beta3,10831872,before
v2.12.0-beta3,10831872,after
v2.12.0-beta3,10831872,before
v2.12.0-beta3,10831872,after
v2.12.0-beta3,12320488,before
v2.12.0-beta3,11305256,after
v2.12.0-beta3,15791568,before
v2.12.0-beta3,15791568,after
v2.12.0-beta3,22081496,before
v2.12.0-beta3,19055264,after
v2.12.0-beta3,23912488,before
v2.12.0-beta3,21742104,after
v2.12.0-beta3,24391288,before
v2.12.0-beta3,22830712,after
v2.12.0-beta3,25830520,before
v2.12.0-beta3,24413688,after
v2.12.0-beta3,31102112,before
v2.12.0-beta3,25318072,after
v2.12.0-beta3,34362000,before
v2.12.0-beta3,28087104,after
v2.12.0-beta3,28425168,before
v2.12.0-beta3,28425168,after
v2.12.0-beta3,28644080,before
v2.12.0-beta3,28644080,after
v2.12.0-beta3,28728904,before
v2.12.0-beta3,24370560,after
v2.12.0-beta3,34818016,before
v2.12.0-beta3,27888136,after
v2.12.0-beta3,37385024,before
v2.12.0-beta3,31503864,after
v2.12.0-beta3,41419144,before
v2.12.0-beta3,41419144,after
v2.12.0-beta3,3910888,before
v2.12.0-beta3,3593456,after
v2.12.0-beta3,4634176,before
v2.12.0-beta3,4222416,after
v2.12.0-beta3,5976560,before
v2.12.0-beta3,5544128,after
v2.12.0-beta3,9234072,before
v2.12.0-beta3,8363024,after
v2.12.0-beta3,10606992,before
v2.12.0-beta3,10019832,after
v2.12.0-beta3,10831808,before
v2.12.0-beta3,10831808,after
v2.12.0-beta3,10831808,before
v2.12.0-beta3,10831808,after
v2.12.0-beta3,10831808,before
v2.12.0-beta3,10831808,after
v2.12.0-beta3,12320920,before
v2.12.0-beta3,11305688,after
v2.12.0-beta3,15785560,before
v2.12.0-beta3,15785560,after
v2.12.0-beta3,22079464,before
v2.12.0-beta3,19053416,after
v2.12.0-beta3,23922984,before
v2.12.0-beta3,21815592,after
v2.12.0-beta3,24520664,before
v2.12.0-beta3,22840456,after
v2.12.0-beta3,25824720,before
v2.12.0-beta3,24409064,after
v2.12.0-beta3,31081112,before
v2.12.0-beta3,25297472,after
v2.12.0-beta3,34347112,before
v2.12.0-beta3,28074736,after
v2.12.0-beta3,28385768,before
v2.12.0-beta3,28385768,after
v2.12.0-beta3,28436592,before
v2.12.0-beta3,28436592,after
v2.12.0-beta3,28522408,before
v2.12.0-beta3,24259056,after
v2.12.0-beta3,34748896,before
v2.12.0-beta3,27791872,after
v2.12.0-beta3,37343472,before
v2.12.0-beta3,31476680,after
v2.12.0-beta3,41479848,before
v2.12.0-beta3,41479848,after
v2.12.0-beta3,3910888,before
v2.12.0-beta3,3593456,after
v2.12.0-beta3,4634176,before
v2.12.0-beta3,4222416,after
v2.12.0-beta3,5976560,before
v2.12.0-beta3,5544128,after
v2.12.0-beta3,9234032,before
v2.12.0-beta3,8363000,after
v2.12.0-beta3,10607000,before
v2.12.0-beta3,10019840,after
v2.12.0-beta3,10831480,before
v2.12.0-beta3,10831480,after
v2.12.0-beta3,10831480,before
v2.12.0-beta3,10831480,after
v2.12.0-beta3,10831480,before
v2.12.0-beta3,10831480,after
v2.12.0-beta3,12320288,before
v2.12.0-beta3,11304984,after
v2.12.0-beta3,15783928,before
v2.12.0-beta3,15783928,after
v2.12.0-beta3,22078912,before
v2.12.0-beta3,19052608,after
v2.12.0-beta3,23924240,before
v2.12.0-beta3,21816736,after
v2.12.0-beta3,24707448,before
v2.12.0-beta3,22925936,after
v2.12.0-beta3,25447768,before
v2.12.0-beta3,23861504,after
v2.12.0-beta3,31036616,before
v2.12.0-beta3,25558368,after
v2.12.0-beta3,33430448,before
v2.12.0-beta3,27505824,after
v2.12.0-beta3,29180728,before
v2.12.0-beta3,29180728,after
v2.12.0-beta3,29264904,before
v2.12.0-beta3,29264904,after
v2.12.0-beta3,29324256,before
v2.12.0-beta3,24458624,after
v2.12.0-beta3,34506560,before
v2.12.0-beta3,27639232,after
v2.12.0-beta3,46577168,before
v2.12.0-beta3,33864192,after
v2.12.0-beta3,34812504,before
v2.12.0-beta3,34812504,after
v2.12.0-beta3,3910888,before
v2.12.0-beta3,3593456,after
v2.12.0-beta3,4634176,before
v2.12.0-beta3,4222416,after
v2.12.0-beta3,5976616,before
v2.12.0-beta3,5544184,after
v2.12.0-beta3,9234232,before
v2.12.0-beta3,8363184,after
v2.12.0-beta3,10606896,before
v2.12.0-beta3,10019736,after
v2.12.0-beta3,10831696,before
v2.12.0-beta3,10831696,after
v2.12.0-beta3,10831696,before
v2.12.0-beta3,10831696,after
v2.12.0-beta3,10831696,before
v2.12.0-beta3,10831696,after
v2.12.0-beta3,12320584,before
v2.12.0-beta3,11305280,after
v2.12.0-beta3,15797480,before
v2.12.0-beta3,15797480,after
v2.12.0-beta3,22091272,before
v2.12.0-beta3,19065040,after
v2.12.0-beta3,23933808,before
v2.12.0-beta3,21826280,after
v2.12.0-beta3,24679000,before
v2.12.0-beta3,22894000,after
v2.12.0-beta3,25499224,before
v2.12.0-beta3,23896416,after
v2.12.0-beta3,31054504,before
v2.12.0-beta3,25621160,after
v2.12.0-beta3,33430904,before
v2.12.0-beta3,27506840,after
v2.12.0-beta3,29350528,before
v2.12.0-beta3,29350528,after
v2.12.0-beta3,29605296,before
v2.12.0-beta3,29605296,after
v2.12.0-beta3,29648816,before
v2.12.0-beta3,24606192,after
v2.12.0-beta3,34509712,before
v2.12.0-beta3,27661344,after
v2.12.0-beta3,46650920,before
v2.12.0-beta3,33962848,after
v2.12.0-beta3,34594008,before
v2.12.0-beta3,34594008,after
